"Tabela 987 - Empresas e outras organizações, pessoal ocupado total e assalariado em 31.12, salários e outras remunerações e salário médio mensal, por seção, divisão e grupo da classificação de atividades (CNAE 2.0) e faixas de pessoal ocupado total"
"Faixas de pessoal ocupado";"Total"
"Unidade da Federação";"Classificação Nacional de Atividades Econômicas (CNAE 2.0)";"Variável X Ano"
;;"Número de empresas e outras organizações (Unidades)";;;;;;;"Pessoal ocupado total (Pessoas)";;;;;;;"Pessoal ocupado assalariado (Pessoas)";;;;;;;"Salários e outras remunerações (Mil Reais)";;;;;;;"Salário médio mensal (Salários mínimos)"
;;"2006";"2007";"2008";"2009";"2010";"2011";"2012";"2006";"2007";"2008";"2009";"2010";"2011";"2012";"2006";"2007";"2008";"2009";"2010";"2011";"2012";"2006";"2007";"2008";"2009";"2010";"2011";"2012";"2006";"2007";"2008";"2009";"2010";"2011";"2012"
"Rondônia";"A Agricultura, pecuária, produção florestal, pesca e aquicultura";178;176;339;283;339;317;358;964;1075;1826;1664;1636;1611;1869;669;721;1306;1182;1145;1118;1307;6299;6430;11771;12181;14333;15883;19218;1,9;1,9;1,8;1,8;1,8;1,8;1,7
"Rondônia";"B Indústrias extrativas";79;85;86;113;115;127;128;647;792;791;927;1077;1669;1334;536;667;658;756;920;1492;1082;5172;7334;7506;10682;13692;18704;19538;2,4;2,3;2,1;2,2;2,4;2,3;2,2
"Rondônia";"C Indústrias de transformação";2545;2617;2544;2632;2842;2705;2713;26189;28798;26582;27006;28681;31495;34098;22626;24911;22821;23197;24813;27595;30113;174813;206682;221317;238930;288461;332779;423254;1,7;1,8;1,8;1,7;1,8;1,7;1,7
"Rondônia";"D Eletricidade e gás";24;28;28;28;31;34;32;910;1087;1188;1248;1256;1328;1617;875;1023;1130;1175;1182;1246;1518;41001;49763;55418;65577;73901;84153;96367;11,2;10,5;9,8;9,4;9,4;9,9;8,7
"Rondônia";"E Água, esgoto, atividades de gestão de resíduos e descontaminação";41;39;52;48;65;58;72;872;897;1013;1019;1091;1084;1231;828;843;952;964;1011;1010;1132;24678;26377;32117;34513;39363;42496;47307;6,8;6,4;6,5;6,0;5,8;5,8;5,3
"Rondônia";"F Construção";538;598;664;803;1011;1130;1227;6018;7147;8459;20350;25401;24598;21473;5260;6238;7492;19183;24036;22985;19700;39253;53979;58646;188996;447652;589132;505989;1,6;1,9;1,5;2,3;2,8;3,2;2,9
"Rondônia";"G Comércio, reparação de veículos automotores e motocicletas";12798;13531;13631;14807;15773;15410;15741;61582;70124;72962;80177;86806;88468;91076;45509;51015;53877;59283;65083;66163;68317;331150;401541;472091;638917;712130;796702;917828;1,6;1,7;1,7;1,9;1,7;1,7;1,6
"Rondônia";"H Transporte, armazenagem e correio";737;767;872;1045;1181;1179;1199;4570;5988;5864;6811;8288;9964;9653;3546;4816;4568;5356;6614;8193;7865;28989;41339;48084;56118;96017;120921;134474;1,8;1,8;2,0;1,8;2,2;2,1;2,0
"Rondônia";"I Alojamento e alimentação";1059;1108;1198;1383;1631;1669;1687;5288;5895;6860;7874;8754;10004;10900;4113;4506;5349;6104;6734;7839;8690;23626;28538;35507;46055;57290;74771;91415;1,3;1,3;1,3;1,3;1,3;1,4;1,3
"Acre";"A Agricultura, pecuária, produção florestal, pesca e aquicultura";85;77;81;89;91;93;92;1035;953;1025;1082;645;768;709;940;821;911;935;514;628;508;12369;10136;13047;14633;6521;7306;6229;2,8;2,5;2,7;2,6;1,6;1,6;1,4
"Acre";"B Indústrias extrativas";17;21;21;20;21;22;23;404;146;260;109;101;105;111;376;115;227;74;73;75;85;1573;642;1784;592;807;914;882;1,2;1,3;1,5;1,6;1,7;1,9;1,5
"Acre";"C Indústrias de transformação";573;551;662;580;706;661;658;4724;5747;5208;5373;6400;6682;6699;4056;5025;4401;4686;5618;5916;5880;27345;37698;34258;40687;51592;63000;69802;1,6;1,5;1,5;1,5;1,5;1,6;1,4
"Acre";"D Eletricidade e gás";1;1;3;1;-;3;2;X;X;251;X;-;296;X;X;X;248;X;-;294;X;X;X;9075;X;-;22783;X;X;X;6,7;X;-;11,1;X
"Acre";"E Água, esgoto, atividades de gestão de resíduos e descontaminação";13;13;15;11;14;17;18;617;283;413;407;559;624;686;606;270;397;397;542;610;661;12680;8905;10541;11142;13419;20698;27019;4,6;6,5;4,9;4,6;4,0;4,9;5,0
"Acre";"F Construção";263;287;335;351;448;466;479;4572;4945;6342;7955;8382;8398;9124;4200;4554;5860;7452;7792;7778;8441;35408;37976;58190;84444;109457;107405;124327;1,9;1,8;1,9;1,9;2,0;1,9;1,8
"Acre";"G Comércio, reparação de veículos automotores e motocicletas";3831;3719;4087;4012;4919;4446;4304;16888;18291;19667;21129;23342;24605;25457;13040;14050;14988;16616;17872;19529;20540;80127;98964;121066;143548;190518;205755;259087;1,4;1,5;1,6;1,5;1,7;1,5;1,5
"Acre";"H Transporte, armazenagem e correio";140;119;147;149;176;168;166;1369;1459;1560;2539;2290;1676;2589;1190;1255;1354;2361;2064;1441;2381;10964;14435;15590;25426;26569;20170;42502;2,1;2,4;2,2;1,9;1,9;2,1;2,0
"Acre";"I Alojamento e alimentação";312;352;394;405;544;542;517;1771;2106;2209;2474;3028;3359;3264;1473;1722;1787;2039;2456;2781;2681;7890;10566;11570;14731;18597;23243;27469;1,2;1,3;1,2;1,2;1,2;1,3;1,2
"Amazonas";"A Agricultura, pecuária, produção florestal, pesca e aquicultura";149;146;215;217;177;179;183;705;830;870;716;1037;1075;892;501;621;609;490;805;833;583;3901;5038;5235;4139;6201;8652;7981;1,7;1,6;1,6;1,5;1,3;1,3;1,5
"Amazonas";"B Indústrias extrativas";21;24;30;35;43;45;46;60;119;123;946;1227;500;1272;35;55;80;905;1164;428;1206;449;381;629;22574;41467;7769;51876;2,9;1,8;1,6;4,2;5,6;2,8;5,7
"Amazonas";"C Indústrias de transformação";2043;2127;2187;2262;2383;2329;2366;118735;121900;127650;125807;134291;150824;144110;116107;119011;124628;122731;131182;147622;140803;2417485;2386590;2832623;2961281;3239843;4252636;4356531;4,7;4,2;4,3;4,2;3,9;4,2;3,7
"Amazonas";"D Eletricidade e gás";13;15;14;12;19;15;15;2109;2394;3646;2543;2581;2610;2553;2083;2376;3622;2532;2560;2591;2526;85173;104262;119694;149084;171005;199188;211189;9,8;9,2;6,4;9,8;10,2;10,9;10,3
"Amazonas";"E Água, esgoto, atividades de gestão de resíduos e descontaminação";63;68;86;82;103;88;91;2973;3143;3186;3176;3584;3204;3017;2906;3068;3085;3084;3473;3104;2897;29223;38109;44739;43824;52189;56836;63625;2,3;2,6;2,7;2,5;2,3;2,5;2,6
"Amazonas";"F Construção";906;959;1104;1286;1540;1719;1797;16148;20642;24216;25253;26335;29789;30505;14829;19252;22605;23467;24206;27346;27975;154621;245369;343779;321962;348595;404282;488059;2,5;2,8;2,9;2,5;2,2;2,2;2,0
"Amazonas";"G Comércio, reparação de veículos automotores e motocicletas";12644;13020;14118;14862;16059;15807;16322;74174;82086;88893;92555;100776;107786;108855;59915;66054;71708;74547;81442;88127;88708;502695;636281;723455;828334;988200;1192038;1341715;1,9;2,0;1,9;1,9;1,9;2,0;1,8
"Amazonas";"H Transporte, armazenagem e correio";856;924;1016;1131;1358;1360;1324;23291;23239;21388;21505;26724;28794;33334;22099;21842;19889;19871;24750;26759;31285;253964;251505;281398;300379;438341;538977;595585;2,6;2,5;2,7;2,5;2,5;2,7;2,4
"Amazonas";"I Alojamento e alimentação";1217;1323;1335;1424;1576;1630;1667;11975;14051;14965;16500;16505;18403;20369;10541;12411;13331;14790;14588;16363;18252;68230;89874;105791;119454;144944;161943;217974;1,5;1,5;1,5;1,4;1,4;1,5;1,5
"Roraima";"A Agricultura, pecuária, produção florestal, pesca e aquicultura";94;73;88;83;83;78;79;565;635;538;425;280;427;476;384;485;396;277;156;315;358;1796;5435;4324;3921;4380;5355;5590;1,0;2,4;3,1;2,5;2,5;2,4;2,2
"Roraima";"B Indústrias extrativas";7;8;13;12;11;12;10;37;58;63;105;90;153;73;29;46;49;85;69;139;52;196;347;431;695;773;2369;563;1,5;1,7;1,7;1,6;1,7;2,6;0,8
"Roraima";"C Indústrias de transformação";291;298;348;316;382;350;338;1558;1757;2146;2341;2582;3010;2506;1224;1388;1703;1954;2116;2557;2070;7401;9112;11889;16576;18690;22646;24095;1,4;1,4;1,4;1,6;1,4;1,5;1,4
"Roraima";"D Eletricidade e gás";1;2;2;2;2;3;4;X;X;X;X;X;957;949;X;X;X;X;X;957;948;X;X;X;X;X;54116;59119;X;X;X;X;X;8,0;7,7
"Roraima";"E Água, esgoto, atividades de gestão de resíduos e descontaminação";8;14;14;11;15;10;12;546;620;645;600;664;474;627;540;594;621;592;626;465;614;11282;13377;14837;14678;16070;14197;20291;5,0;4,9;4,5;4,3;4,0;4,4;4,0
"Roraima";"F Construção";313;291;307;279;324;311;308;2352;2755;3377;4869;4018;4012;4127;1842;2313;2900;4415;3502;3534;3631;14208;15944;20524;26912;38179;36863;47694;1,8;1,4;1,4;1,9;1,7;1,9;1,8
"Roraima";"G Comércio, reparação de veículos automotores e motocicletas";2973;2954;3445;3349;3433;3351;3358;10265;11439;12914;13938;16265;17536;18606;6998;7843;8874;9988;12207;13374;14415;46453;56716;69081;84480;149767;153634;165118;1,5;1,5;1,5;1,5;2,0;1,7;1,5
"Roraima";"H Transporte, armazenagem e correio";72;94;118;104;130;146;150;553;915;899;861;892;829;929;404;773;691;701;701;603;687;5011;7042;8153;6729;9732;9153;9782;2,8;2,0;2,0;1,8;2,1;2,2;1,8
"Roraima";"I Alojamento e alimentação";374;374;474;412;462;461;450;1316;1489;1827;1948;2187;2508;2981;904;1078;1298;1475;1684;1979;2463;4921;6666;8834;10901;13071;17053;23302;1,3;1,3;1,3;1,3;1,3;1,3;1,2
"Pará";"A Agricultura, pecuária, produção florestal, pesca e aquicultura";920;965;1053;977;998;1021;961;11889;10763;15356;14545;16528;17458;20638;10663;9328;13806;13017;15039;15908;19108;81302;79826;145856;140705;176435;206869;271159;1,6;1,8;1,9;1,8;1,8;1,9;1,8
"Pará";"B Indústrias extrativas";100;95;112;124;161;165;193;2714;3145;3313;2538;4069;4439;4738;2579;2994;3176;2345;3854;4190;4431;65603;91155;102938;86860;109380;186361;238688;5,9;6,5;6,2;6,2;5,8;6,5;6,5
"Pará";"C Indústrias de transformação";4268;4380;4470;4546;4817;4785;4927;94441;98995;86557;86424;93799;95381;90961;88274;92411;79851;79645;86983;88370;83613;831396;974737;987785;1026938;1216006;1418172;1592300;2,1;2,2;2,3;2,3;2,2;2,3;2,2
"Pará";"D Eletricidade e gás";7;11;16;14;13;13;14;2197;2687;2263;2747;2828;2840;2232;2185;2665;2227;2717;2797;2805;2186;62600;79156;71287;86076;95484;108323;90880;6,3;6,2;6,0;5,3;5,2;5,6;5,0
"Pará";"E Água, esgoto, atividades de gestão de resíduos e descontaminação";79;83;95;106;109;126;144;3527;3427;4224;4802;5256;5282;5098;3406;3303;4088;4667;5100;5102;4878;51198;52707;70257;85150;105526;116872;129781;3,4;3,3;3,2;2,8;3,2;3,3;3,0
"Pará";"F Construção";1584;1724;1912;2258;2572;2862;3090;33124;36324;38884;41992;57825;69779;78658;30616;33653;35896;38481;54019;65316;73856;272873;323283;389037;423028;590715;849534;1342132;2,0;2,1;2,1;2,0;1,9;2,1;2,3
"Pará";"G Comércio, reparação de veículos automotores e motocicletas";27157;28702;31062;33052;35338;35288;36124;146297;164237;179724;189751;208445;224418;240418;113480;126015;138711;145892;163287;177626;192527;799225;965758;1170505;1341955;1633701;1939308;2391802;1,6;1,6;1,6;1,6;1,6;1,6;1,6
"Pará";"H Transporte, armazenagem e correio";1329;1517;1642;1735;1904;2049;2159;22957;23970;25166;27147;31271;33937;35374;20874;21425;22367;24146;28094;30360;31587;261783;274421;315103;300151;387544;471956;521673;2,9;2,6;2,7;2,2;2,3;2,3;2,1
"Pará";"I Alojamento e alimentação";1732;1866;2090;2254;2583;2699;2873;14790;16775;18753;19717;21981;24331;25959;12634;14302;16030;16806;18788;20787;22228;69603;88605;108218;125969;154014;189618;234120;1,3;1,3;1,3;1,3;1,3;1,3;1,3
"Amapá";"A Agricultura, pecuária, produção florestal, pesca e aquicultura";41;43;45;46;46;56;46;531;647;408;178;190;333;396;470;586;345;107;106;248;299;3612;3886;4527;1690;1131;2454;2541;1,5;1,6;1,6;1,5;1,2;1,3;1,3
"Amapá";"B Indústrias extrativas";19;21;26;30;34;35;28;801;1315;757;403;641;1128;1899;779;1276;710;340;584;1071;1844;15209;23311;25357;11024;10590;18954;53231;3,7;4,5;7,4;4,2;3,7;3,1;3,9
"Amapá";"C Indústrias de transformação";305;332;355;388;427;452;413;2962;3318;3519;3736;3861;4159;3974;2552;2812;3094;3268;3331;3593;3446;25041;30342;34729;35779;37349;39590;41758;2,2;2,2;2,1;2,0;1,7;1,8;1,5
"Amapá";"D Eletricidade e gás";3;4;4;3;3;3;2;154;690;851;821;840;855;X;149;684;845;820;832;851;X;6464;12282;19196;21724;28093;33905;X;9,1;5,0;4,5;4,3;4,9;5,5;X
"Amapá";"E Água, esgoto, atividades de gestão de resíduos e descontaminação";12;12;12;16;23;22;22;289;311;304;344;343;391;444;269;291;289;325;314;358;410;7112;7559;9294;10650;11856;12857;14319;5,7;5,2;5,8;5,4;5,4;4,9;4,7
"Amapá";"F Construção";287;292;311;365;444;449;417;2793;3379;3041;4074;5117;6119;6032;2386;2906;2606;3530;4461;5458;5395;19219;22220;26242;33283;41689;47612;70339;1,8;1,6;1,9;1,9;1,7;1,6;1,4
"Amapá";"G Comércio, reparação de veículos automotores e motocicletas";3149;3056;3377;3600;4310;4395;4167;16473;18305;19911;21806;24465;26283;28072;12990;14688;15946;17659;19558;21016;23071;83808;99014;118322;153692;201458;223238;281687;1,5;1,4;1,4;1,5;1,6;1,6;1,5
"Amapá";"H Transporte, armazenagem e correio";122;138;145;146;179;194;182;2024;2443;2286;2196;2513;2543;2904;1840;2203;2031;1971;2247;2252;2603;19381;23130;29008;29402;32892;36781;48896;2,4;2,3;2,7;2,7;2,5;2,3;2,3
"Amapá";"I Alojamento e alimentação";272;298;332;327;431;478;464;2016;2161;2452;2658;3025;3195;3392;1694;1770;2048;2267;2540;2617;2841;9054;10337;13559;16727;20860;23876;29140;1,3;1,2;1,3;1,3;1,3;1,3;1,2
"Tocantins";"A Agricultura, pecuária, produção florestal, pesca e aquicultura";273;277;350;333;377;372;401;2038;2181;3021;2492;2552;2606;2756;1678;1764;2528;1993;2021;2061;2116;13376;14653;24205;23496;22749;25884;29386;1,8;1,7;1,8;1,9;1,6;1,7;1,7
"Tocantins";"B Indústrias extrativas";79;90;94;96;106;105;121;564;821;762;834;1037;1277;1522;460;682;621;694;907;1131;1354;4902;7779;9352;10070;19284;28142;20871;2,3;2,3;2,8;2,6;3,2;3,5;2,3
"Tocantins";"C Indústrias de transformação";1296;1331;1344;1367;1429;1388;1396;9007;10776;11349;12028;13601;13932;14752;7465;9050;9619;10280;11936;12291;12948;54748;68614;78252;97287;133132;161675;190458;1,7;1,6;1,5;1,6;1,7;1,9;1,7
"Tocantins";"D Eletricidade e gás";15;12;19;22;16;22;19;753;883;1041;948;895;1006;1025;744;857;993;899;854;954;983;18372;25445;38603;30819;30299;36246;41025;5,7;6,6;7,3;5,7;5,3;5,5;5,2
"Tocantins";"E Água, esgoto, atividades de gestão de resíduos e descontaminação";34;30;36;37;38;39;53;1381;1471;1551;1639;1674;1828;2058;1339;1416;1502;1589;1627;1777;1990;23441;27383;31425;34984;36489;43911;54463;3,9;4,1;4,0;3,7;3,4;3,5;3,4
"Tocantins";"F Construção";617;683;692;809;929;978;1121;5813;8837;8131;8465;10202;10522;11836;4999;7917;7225;7408;9040;9212;10192;60206;102124;91449;86559;118318;117947;135565;2,5;2,5;2,2;1,9;1,9;1,8;1,6
"Tocantins";"G Comércio, reparação de veículos automotores e motocicletas";11088;11202;11683;12432;12966;12658;12915;36489;40966;44055;47358;50212;52692;57716;24284;26987;29753;31990;35553;37574;41994;166878;200717;246099;292166;387910;435066;544402;1,6;1,6;1,6;1,6;1,7;1,6;1,6
"Tocantins";"H Transporte, armazenagem e correio";340;370;430;513;591;652;721;2666;2551;2971;3028;3696;3887;5057;2224;2047;2392;2340;2976;3061;4149;18635;19673;22817;25375;35498;43795;66970;1,9;2,0;1,8;1,8;1,9;1,9;2,0
"Tocantins";"I Alojamento e alimentação";759;799;892;959;1109;1180;1229;3678;4146;4464;4779;5839;6471;6952;2836;3207;3457;3667;4660;5072;5468;15586;19030;23359;27271;36820;48243;58517;1,3;1,2;1,3;1,3;1,3;1,3;1,3
"Maranhão";"A Agricultura, pecuária, produção florestal, pesca e aquicultura";520;573;720;662;707;703;775;8487;10615;11569;12922;11463;15478;14797;7798;9860;10643;12035;10554;14518;13754;52348;75536;104463;137761;120542;152544;185416;1,4;1,5;1,6;1,8;1,4;1,6;1,5
"Maranhão";"B Indústrias extrativas";85;69;75;82;97;88;99;546;1258;563;1006;1515;1623;1789;424;1164;474;894;1378;1471;1634;4251;6068;7704;9402;13624;27476;30162;2,3;1,2;2,4;2,2;1,7;2,6;2,5
"Maranhão";"C Indústrias de transformação";2636;2674;2752;2988;3053;3022;2976;30740;33896;33375;33488;37221;37491;38085;27549;30519;29959;29844;33486;33725;34194;324640;356959;389614;398407;581388;506821;585139;2,6;2,4;2,4;2,3;2,2;2,2;2,0
"Maranhão";"D Eletricidade e gás";10;6;10;11;8;9;11;1669;1268;1366;1391;1335;1381;1415;1651;1258;1353;1380;1322;1362;1391;36525;31285;34990;39414;42992;59254;79927;4,8;5,4;5,1;4,8;4,8;6,2;7,1
"Maranhão";"E Água, esgoto, atividades de gestão de resíduos e descontaminação";93;85;126;119;140;129;149;1235;3869;3789;4061;4827;4516;5847;1155;3793;3665;3939;4694;4381;5678;9320;58742;63763;87169;99832;113399;135648;1,9;3,4;3,3;2,8;3,2;3,5;3,3
"Maranhão";"F Construção";1390;1477;1674;1987;2169;2369;2584;15846;25527;30325;38597;52135;54745;56564;13770;23271;27771;35685;49066;51165;52654;84754;140674;232690;361549;628822;628538;626128;1,4;1,3;1,7;2,1;2,0;1,9;1,7
"Maranhão";"G Comércio, reparação de veículos automotores e motocicletas";29406;30837;31473;34296;36791;36844;37302;94524;108698;115552;124654;140943;151369;160458;64119;73236;79342;85254;99274;108572;116825;410431;474786;585934;820399;940116;1117327;1361493;1,5;1,4;1,4;1,6;1,5;1,5;1,5
"Maranhão";"H Transporte, armazenagem e correio";796;818;904;1020;1210;1318;1422;14278;15398;15673;16247;18560;20271;21318;13238;14212;14426;14856;17000;18515;19297;128854;150754;172323;198061;238432;303486;349605;2,3;2,2;2,2;2,2;2,2;2,3;2,2
"Maranhão";"I Alojamento e alimentação";1442;1593;1674;1882;2150;2276;2439;9270;10436;11676;13091;14820;16233;18233;7662;8525;9694;10876;12343;13519;15246;38711;48500;61555;79715;100103;125261;149846;1,2;1,2;1,3;1,3;1,3;1,3;1,2
"Piauí";"A Agricultura, pecuária, produção florestal, pesca e aquicultura";335;298;320;349;386;377;423;3234;2470;2735;3426;3421;4449;5446;2693;1954;2203;2854;2908;3804;4835;17713;16236;21229;24620;36864;50073;77368;1,6;1,6;1,6;1,8;1,9;2,0;2,0
"Piauí";"B Indústrias extrativas";56;54;55;62;74;76;88;618;654;544;638;623;806;777;542;574;467;526;514;699;638;3421;3606;4476;4681;5370;7845;10393;1,4;1,3;1,9;1,7;1,7;1,9;1,9
"Piauí";"C Indústrias de transformação";2315;2299;2356;2498;2690;2723;2793;24631;24793;25062;26386;28615;28538;29345;21828;21792;21942;23156;25158;24924;25637;132882;150076;171375;191651;227778;266397;295278;1,4;1,5;1,5;1,4;1,4;1,5;1,4
"Piauí";"D Eletricidade e gás";2;7;4;6;15;9;8;X;874;922;1414;1378;1492;1535;X;858;910;1393;1344;1466;1505;X;55697;58660;73495;83518;113918;109024;X;10,1;9,7;9,4;9,0;11,2;9,0
"Piauí";"E Água, esgoto, atividades de gestão de resíduos e descontaminação";60;40;56;60;68;79;90;1745;1643;1507;1607;1710;1892;2023;1678;1578;1437;1527;1620;1786;1906;69480;69628;75149;77723;84866;91690;108103;9,3;7,8;8,9;8,5;7,9;7,4;6,8
"Piauí";"F Construção";834;852;895;959;1073;1239;1336;13027;14827;19861;27842;30718;32411;34738;11651;13386;18391;26336;29011;30467;32578;84080;88491;127208;199864;287354;325070;382374;1,6;1,4;1,4;1,5;1,4;1,6;1,4
"Piauí";"G Comércio, reparação de veículos automotores e motocicletas";20092;19375;20161;21479;22696;23368;23152;71630;78195;82959;90304;100190;105238;105425;50689;55272;59072;64874;73487;77179;77875;304954;368104;453746;544112;679266;786050;917537;1,4;1,4;1,5;1,5;1,5;1,5;1,4
"Piauí";"H Transporte, armazenagem e correio";448;441;503;538;625;707;770;5314;5652;5892;6154;6809;7025;7496;4725;4990;5154;5371;5943;6041;6434;38631;41912;47412;52306;93434;71541;82005;1,9;1,8;1,7;1,6;2,5;1,7;1,6
"Piauí";"I Alojamento e alimentação";1085;1121;1231;1342;1517;1705;1757;6009;6505;7287;7969;9879;11005;11694;4831;5220;5869;6411;8092;8949;9571;23948;28714;35435;42925;57580;71513;90560;1,1;1,2;1,2;1,1;1,1;1,2;1,1
"Ceará";"A Agricultura, pecuária, produção florestal, pesca e aquicultura";891;889;895;943;1013;1003;1048;24286;26172;25405;22987;21815;23665;23808;22883;24563;23766;21100;20088;21814;22008;129731;150847;172285;168518;182974;203037;245559;1,4;1,5;1,5;1,5;1,4;1,4;1,4
"Ceará";"B Indústrias extrativas";164;154;172;182;221;204;247;2402;1885;2107;2355;3092;3151;2870;2149;1618;1816;2067;2783;2838;2515;13823;13102;13984;19144;28921;34580;36142;1,5;1,7;1,5;1,6;1,7;1,8;1,8
"Ceará";"C Indústrias de transformação";11559;12249;12555;13210;14222;13698;13716;215708;243097;250269;272871;288737;292811;288404;201569;226992;233895;255897;270451;274974;270466;1621279;1845259;2105754;2494627;3010186;3367917;3673155;1,8;1,7;1,7;1,7;1,7;1,8;1,7
"Ceará";"D Eletricidade e gás";17;26;49;90;82;200;268;1535;1466;1551;1783;1854;2207;2257;1512;1427;1480;1622;1706;1831;1702;67981;68795;74423;85329;91904;111316;112813;10,0;10,1;9,7;9,2;8,5;8,9;8,0
"Ceará";"E Água, esgoto, atividades de gestão de resíduos e descontaminação";196;203;240;237;281;269;281;8620;9470;9744;11516;11828;11963;11693;8372;9229;9464;11233;11506;11650;11338;129291;148110;175362;194864;224165;233185;236053;3,5;3,3;3,5;3,2;3,1;2,9;2,8
"Ceará";"F Construção";2879;2996;3364;3742;4424;4708;5250;42411;50333;58882;71798;98532;113217;113300;37545;44983;53144;65573;91294;105431;104928;284061;354096;537661;631631;1033398;1307692;1613480;1,7;1,7;1,9;1,9;1,8;1,9;1,8
"Ceará";"G Comércio, reparação de veículos automotores e motocicletas";71633;70522;72284;75834;79134;75669;71312;213376;234890;246279;267111;290386;314231;320229;136242;151296;161583;178197;197870;224044;235227;931696;1116717;1272366;1598626;1911620;2350092;2847582;1,6;1,6;1,5;1,6;1,5;1,6;1,5
"Ceará";"H Transporte, armazenagem e correio";1770;1893;1986;2295;2730;2871;3055;33601;36146;36168;38603;42435;46312;46854;31116;33366;33264;35307;38705;42334;42516;300825;331237;375881;406913;499146;601562;703169;2,2;2,1;2,1;2,0;2,0;2,1;2,1
"Ceará";"I Alojamento e alimentação";5127;5277;5523;6014;6612;6746;6935;31733;34674;37904;40286;44701;48757;52180;25781;28032;31049;32838;36556;40285;43418;135974;157992;192389;226552;275286;343220;444123;1,2;1,2;1,2;1,2;1,2;1,3;1,3
"Rio Grande do Norte";"A Agricultura, pecuária, produção florestal, pesca e aquicultura";488;496;622;571;563;560;579;9392;10660;11136;11155;10050;11363;12033;8603;9725;10222;10237;9134;10387;11033;53448;76532;78328;84578;88293;106280;126688;1,4;1,8;1,6;1,5;1,4;1,4;1,4
"Rio Grande do Norte";"B Indústrias extrativas";200;204;236;212;250;230;237;5066;6006;6112;6430;7182;8730;8639;4777;5669;5781;6091;6806;8344;8235;59297;69205;87308;91121;111267;141662;155880;2,8;2,5;2,8;2,7;2,8;2,6;2,4
"Rio Grande do Norte";"C Indústrias de transformação";3295;3356;3542;3641;4064;3981;4080;49204;58596;65104;65511;72122;66895;63093;45098;54121;60459;60635;66811;61565;57661;303115;368261;489501;512468;648746;659768;674134;1,5;1,4;1,5;1,5;1,5;1,5;1,4
"Rio Grande do Norte";"D Eletricidade e gás";12;9;23;19;38;37;78;822;904;1009;896;936;925;1027;810;898;974;852;876;877;921;28825;32418;36831;42123;41849;47649;57705;8,1;7,6;7,5;7,9;7,3;7,7;7,8
"Rio Grande do Norte";"E Água, esgoto, atividades de gestão de resíduos e descontaminação";97;101;110;97;129;118;135;4584;4061;3903;4125;4742;4755;4383;4490;3953;3773;3996;4586;4612;4189;72751;77688;90374;128249;110208;122926;138723;3,7;4,0;4,5;5,5;3,7;3,8;3,6
"Rio Grande do Norte";"F Construção";1569;1774;2030;2263;2669;2852;3219;20722;23970;27705;29153;39899;41767;47941;18100;20959;24443;25562;35581;36951;42696;121258;159246;210703;244985;364314;436216;584844;1,5;1,6;1,7;1,8;1,7;1,7;1,8
"Rio Grande do Norte";"G Comércio, reparação de veículos automotores e motocicletas";21557;21718;22852;23890;25290;24827;24796;88620;97888;104103;110438;120185;125567;133300;63916;70398;75669;80820;89271;94232;102082;420360;502407;600657;721026;871248;1007309;1192805;1,5;1,5;1,5;1,6;1,5;1,5;1,5
"Rio Grande do Norte";"H Transporte, armazenagem e correio";923;912;940;984;1061;1131;1164;9725;9911;10620;10823;11871;12905;12839;8610;8657;9332;9507;10475;11360;11264;89726;91621;106127;113807;136848;155899;169570;2,4;2,2;2,2;2,1;2,1;2,0;1,8
"Rio Grande do Norte";"I Alojamento e alimentação";2270;2379;2551;2776;3039;3183;3276;18249;20509;21541;22564;25239;26274;27872;15413;17342;18216;18866;21315;22055;23520;94382;111137;129952;144160;176300;210386;242804;1,4;1,4;1,4;1,3;1,3;1,4;1,3
"Paraíba";"A Agricultura, pecuária, produção florestal, pesca e aquicultura";310;258;287;262;277;310;307;5402;4397;2585;4198;4065;4178;3914;4944;3889;2127;3770;3651;3687;3471;28476;24796;17004;23898;23911;26074;29663;1,4;1,3;1,5;1,4;1,3;1,3;1,3
"Paraíba";"B Indústrias extrativas";127;133;142;139;147;144;142;1472;1680;1586;1546;1622;1656;1689;1279;1445;1351;1326;1411;1445;1462;10959;17674;19020;19087;21165;29959;30459;1,9;2,5;2,7;2,5;2,4;2,9;2,5
"Paraíba";"C Indústrias de transformação";3370;3542;3645;3681;4102;4041;3999;43500;46770;48611;50066;57183;57559;60884;38958;41762;43585;44919;51568;52111;55356;269948;280918;330563;382260;471462;542895;638545;1,6;1,4;1,4;1,5;1,5;1,5;1,5
"Paraíba";"D Eletricidade e gás";11;14;14;15;24;24;24;1919;2308;2367;2535;2694;2686;2693;1911;2299;2357;2525;2663;2637;2638;31628;36912;42220;46687;52223;55769;62129;3,8;3,5;3,4;3,2;3,0;3,0;2,9
"Paraíba";"E Água, esgoto, atividades de gestão de resíduos e descontaminação";58;53;66;76;88;97;101;8243;8748;8328;8433;7900;8037;7840;8160;8670;8246;8338;7785;7909;7700;106181;117519;129050;140630;171486;183810;200641;3,0;2,8;2,9;2,9;3,2;3,3;3,1
"Paraíba";"F Construção";1259;1340;1445;1697;2104;2474;2761;16792;19941;21879;27191;35611;42245;46527;14641;17646;19398;24379;32123;38152;41980;109164;138071;145991;208356;275170;376562;523654;1,7;1,7;1,5;1,6;1,5;1,5;1,5
"Paraíba";"G Comércio, reparação de veículos automotores e motocicletas";24800;26264;26926;27639;29495;29243;27883;78052;87224;92547;99223;109501;117532;114967;50427;55115;59732;65634;74236;81906;80669;307795;369967;449398;541693;654117;837137;894618;1,4;1,4;1,5;1,5;1,4;1,5;1,4
"Paraíba";"H Transporte, armazenagem e correio";619;676;709;726;827;851;871;7899;8199;8394;8754;9600;10164;11322;7049;7260;7419;7699;8461;9022;10108;58431;64651;71408;78539;90504;106447;128459;1,9;1,9;1,8;1,7;1,7;1,7;1,6
"Paraíba";"I Alojamento e alimentação";1464;1638;1720;1872;2026;2174;2173;9326;10621;11631;12703;14112;15369;16390;7531;8527;9452;10312;11557;12626;13619;37218;48623;56269;69592;87667;102918;126396;1,1;1,2;1,2;1,2;1,2;1,2;1,2
"Pernambuco";"A Agricultura, pecuária, produção florestal, pesca e aquicultura";741;749;946;840;944;1011;913;30931;23535;24156;20542;23773;18360;17012;29473;21768;22398;19012;22141;16634;15441;212144;143006;166490;189101;187626;163152;161200;1,6;1,4;1,5;1,7;1,4;1,3;1,3
"Pernambuco";"B Indústrias extrativas";148;154;137;157;151;154;200;2273;2221;2117;2366;2661;2649;3006;2021;1985;1926;2096;2409;2403;2668;24108;25067;21316;25873;25946;36729;47311;2,7;2,6;2,1;2,2;1,7;2,2;2,1
"Pernambuco";"C Indústrias de transformação";9811;10263;10411;10903;12099;12350;12441;179796;201484;211387;206250;232578;230649;235091;167179;187816;197744;192079;217329;214611;218915;1358668;1609447;1878256;2133365;2648309;2973708;3524617;1,9;1,8;1,8;2,1;2,0;2,1;2,1
"Pernambuco";"D Eletricidade e gás";33;43;48;59;64;67;74;7521;7630;7769;8210;7940;8101;8294;7478;7573;7710;8136;7857;8027;8195;389519;421059;490338;619647;709792;740639;791472;11,8;11,4;11,9;12,6;13,5;13,3;12,1
"Pernambuco";"E Água, esgoto, atividades de gestão de resíduos e descontaminação";194;204;223;247;269;276;299;10043;10599;11532;11957;13292;8247;12456;9788;10329;11249;11657;12942;7883;12077;140709;160526;172046;206516;243547;95498;255097;3,1;3,2;3,0;3,0;3,1;1,7;2,5
"Pernambuco";"F Construção";2702;2747;3055;3313;3866;4111;4476;52455;61628;76422;88649;105145;127736;134903;47937;57126;71526;83457;99196;121240;127853;395973;499465;797830;1034180;1308273;1792771;2296517;1,9;1,9;2,3;2,4;2,2;2,3;2,2
"Pernambuco";"G Comércio, reparação de veículos automotores e motocicletas";52865;53839;55154;57926;61568;60773;60021;239185;265305;277377;298589;325270;350091;365081;177068;197175;208538;226297;249845;273727;289614;1224920;1436574;1743747;2021944;2468659;3107263;3612958;1,6;1,5;1,6;1,6;1,6;1,7;1,6
"Pernambuco";"H Transporte, armazenagem e correio";2206;2292;2433;2676;3077;3450;3746;39679;43216;46296;50816;56116;64408;70072;36765;40068;42892;47080;51915;59597;64879;377490;422395;488791;597111;698056;876098;1088824;2,4;2,2;2,2;2,3;2,2;2,2;2,1
"Pernambuco";"I Alojamento e alimentação";5135;5180;5374;5750;6447;6857;7072;38647;41503;42710;47457;53386;59532;64376;32426;34955;36052;40365;45572;51156;55702;204824;236103;255014;317909;381385;478871;567969;1,5;1,4;1,4;1,4;1,3;1,4;1,3
"Alagoas";"A Agricultura, pecuária, produção florestal, pesca e aquicultura";171;151;176;193;232;225;237;2583;2655;2605;4090;4140;3630;3090;2338;2404;2349;3782;3800;3305;2682;14315;15526;18273;48554;54981;52553;43953;1,4;1,4;1,5;2,0;1,8;1,9;1,7
"Alagoas";"B Indústrias extrativas";22;25;21;27;29;26;32;761;839;370;396;451;565;664;733;804;343;362;414;529;624;9857;13246;4123;5629;5852;6640;13278;3,0;3,6;2,3;2,5;2,2;1,8;2,5
"Alagoas";"C Indústrias de transformação";1654;1719;1727;1827;2017;1977;1948;112747;117336;119694;118693;122947;122387;123553;110624;114948;117401;116174;120247;119628;120826;765571;893639;1026575;1116586;1194092;1441552;1563774;1,6;1,6;1,7;2,1;1,8;2,0;1,9
"Alagoas";"D Eletricidade e gás";16;11;12;10;14;11;11;1008;1090;1329;1429;1438;1365;1491;984;1073;1300;1408;1403;1346;1473;48744;51591;55803;73608;88190;106851;112962;10,9;10,6;8,7;8,9;9,9;11,3;9,4
"Alagoas";"E Água, esgoto, atividades de gestão de resíduos e descontaminação";46;43;51;58;58;61;70;3397;3736;3321;3945;3843;3809;2579;3356;3689;3280;3876;3789;3742;2490;48577;51516;53880;61728;71293;75736;75393;3,3;2,9;3,1;2,8;2,9;2,9;3,0
"Alagoas";"F Construção";684;733;766;851;982;1160;1400;10979;10745;13207;16355;25915;34355;32509;9842;9552;11925;14964;24319;32427;30242;76640;75666;99811;164643;203450;349519;368077;1,8;1,7;1,6;2,0;1,6;1,6;1,4
"Alagoas";"G Comércio, reparação de veículos automotores e motocicletas";16916;17127;18176;19130;20037;19546;19481;63555;69338;73411;78379;85338;91776;96058;44971;48378;51426;55185;61332;67276;71882;286074;328879;386384;461545;554901;675191;778113;1,5;1,4;1,5;1,5;1,4;1,5;1,4
"Alagoas";"H Transporte, armazenagem e correio";765;832;978;1056;1293;1417;1487;7901;8097;8562;9344;10707;11839;12330;6916;7004;7325;8033;9107;10072;10417;55044;64106;67581;76203;101362;121116;141969;1,9;1,9;1,8;1,7;1,8;1,8;1,6
"Alagoas";"I Alojamento e alimentação";1574;1610;1738;1875;2058;2135;2268;11412;12477;13326;15015;16149;17493;18957;9499;10431;11126;12647;13636;14685;16054;53289;63581;74490;91310;112764;135175;161911;1,3;1,3;1,3;1,3;1,3;1,3;1,3
"Sergipe";"A Agricultura, pecuária, produção florestal, pesca e aquicultura";140;156;204;182;195;216;207;1613;1528;1721;2243;2935;4879;4359;1414;1290;1460;1992;2690;4548;4047;8348;8374;10632;41274;49668;69278;83997;1,3;1,3;1,4;4,0;3,6;2,7;2,6
"Sergipe";"B Indústrias extrativas";37;41;56;70;73;75;78;366;433;438;365;423;553;615;319;375;365;292;336;450;498;2779;9222;4018;3714;3972;5155;20099;2,0;5,2;2,0;2,3;1,9;1,8;5,4
"Sergipe";"C Indústrias de transformação";1745;1859;1914;1954;2216;2159;2215;27939;32267;34932;37961;40830;43520;47368;25443;29605;32219;35078;37799;40353;43995;194007;232323;278833;317654;387545;460230;527098;1,7;1,6;1,7;1,7;1,6;1,7;1,5
"Sergipe";"D Eletricidade e gás";9;7;7;9;9;6;9;1416;1396;1401;1477;1583;1732;1782;1408;1388;1398;1471;1578;1725;1758;31957;33866;35316;37180;39652;44244;49492;5,4;5,0;4,8;4,3;4,0;3,7;3,4
"Sergipe";"E Água, esgoto, atividades de gestão de resíduos e descontaminação";30;37;35;36;43;48;49;2557;2523;2553;3557;2421;2508;2149;2518;2467;2503;3505;2365;2447;2084;60171;66632;71213;83522;88213;93668;102133;5,4;5,7;5,4;4,0;5,6;5,4;5,8
"Sergipe";"F Construção";710;773;865;907;971;1058;1190;17825;18565;21705;24155;28966;32988;28081;16737;17333;20415;22798;27535;31439;26317;113286;126631;228193;224364;282151;382785;523671;1,5;1,6;2,1;1,8;1,6;1,8;2,0
"Sergipe";"G Comércio, reparação de veículos automotores e motocicletas";10665;11294;11551;11928;12769;12641;12964;54738;60493;62616;66231;72834;93276;104441;40644;44714;46772;49491;55275;74753;85507;267719;329606;397615;462778;547593;689110;992915;1,5;1,6;1,6;1,6;1,6;1,6;1,6
"Sergipe";"H Transporte, armazenagem e correio";559;606;671;708;817;832;910;8553;9471;9500;9334;11164;12305;13331;7778;8573;8521;8313;10061;11072;11911;76411;91396;100733;106197;147269;151512;180863;2,2;2,2;2,2;2,2;2,3;2,0;1,9
"Sergipe";"I Alojamento e alimentação";1004;1101;1143;1245;1347;1423;1514;9625;10508;11101;11582;13243;13532;14060;8307;9012;9526;9899;11479;11569;11949;51535;60528;73987;88415;109014;125148;139121;1,4;1,4;1,5;1,5;1,5;1,5;1,4
"Bahia";"A Agricultura, pecuária, produção florestal, pesca e aquicultura";1836;1843;2246;2138;2382;2312;2282;32198;31887;29083;26520;29169;30767;31707;29333;28765;25775;22622;25540;26723;28198;278202;311419;242228;251792;286055;344339;400039;2,0;2,1;1,6;1,7;1,6;1,7;1,6
"Bahia";"B Indústrias extrativas";483;487;513;525;555;563;526;7248;8185;9529;9720;10014;13072;12395;6550;7408;8762;8943;9178;12141;11540;142640;157159;241630;283586;298483;376318;450260;5,0;4,4;5,2;5,4;4,9;5,2;5,2
"Bahia";"C Indústrias de transformação";12579;12620;13090;13512;14506;14071;13896;171133;190604;194760;196187;211329;211641;213163;155101;173292;177099;178236;192819;192400;194010;2542558;2843774;3138594;3164072;3543221;3753837;4631921;3,8;3,5;3,4;3,1;2,9;2,7;2,9
"Bahia";"D Eletricidade e gás";37;37;38;30;41;64;77;2996;3112;3082;2988;3403;3820;3177;2960;3053;3031;2933;3338;3690;3040;124806;139093;145471;155697;167840;196011;197261;9,2;9,5;9,0;8,8;8,3;7,8;7,7
"Bahia";"E Água, esgoto, atividades de gestão de resíduos e descontaminação";291;287;352;385;431;430;482;12971;14530;14143;15456;16361;17644;16409;12605;14164;13699;14997;15863;17123;15750;196739;233294;259041;287794;347387;472862;464435;3,6;3,4;3,5;4,1;3,4;4,0;3,5
"Bahia";"F Construção";5339;5526;6116;6863;7850;8358;8813;82426;95871;102669;131257;166423;175596;181120;74702;87765;94008;121599;155706;163364;168222;900836;994687;1301916;1668298;2286428;2646249;3330558;2,7;2,4;2,7;2,7;2,4;2,4;2,4
"Bahia";"G Comércio, reparação de veículos automotores e motocicletas";108392;109703;114181;116871;123408;119564;117687;383703;421131;443902;468441;493366;522528;539965;259996;282334;302059;323508;343117;369094;388764;1824268;2065465;2467594;2825846;3367649;3858469;4655660;1,6;1,5;1,6;1,5;1,5;1,5;1,5
"Bahia";"H Transporte, armazenagem e correio";4442;4655;4941;5265;6232;6457;6713;60750;61930;65044;80455;81808;91788;95227;54998;55670;58345;73418;73696;82914;85698;620432;659324;709325;875766;970707;1299706;1451469;2,6;2,5;2,3;2,4;2,2;2,3;2,0
"Bahia";"I Alojamento e alimentação";10428;11033;11532;12139;13329;13460;13321;65730;71233;77005;81416;89811;94636;97661;53655;57385;62749;66309;73775;77362;80685;341824;390703;459528;540546;632254;744855;838872;1,5;1,5;1,4;1,4;1,4;1,4;1,3
"Minas Gerais";"A Agricultura, pecuária, produção florestal, pesca e aquicultura";3806;3895;5046;4773;5282;5148;5156;61124;68185;77929;74757;83479;84025;80260;55245;61470;69734;66806;74761;74954;71565;512621;531699;707600;703742;846635;1027178;1146192;1,9;1,7;1,8;1,7;1,7;1,8;1,8
"Minas Gerais";"B Indústrias extrativas";2424;2376;2431;2494;2576;2494;2587;25286;26858;27672;27037;29938;33984;36356;21701;22787;23667;22815;25755;29591;32078;336814;384219;489760;473901;634704;834496;1072164;3,6;3,5;3,9;3,6;3,9;4,1;4,1
"Minas Gerais";"C Indústrias de transformação";48600;49111;49932;51760;54123;53091;52354;712419;763748;781768;791463;855486;877066;883646;642374;688909;706772;714227;775964;796614;803491;8365105;9717870;11478352;12321933;14840754;17258978;18676185;3,0;2,9;3,1;3,0;2,9;3,0;2,8
"Minas Gerais";"D Eletricidade e gás";71;71;93;99;140;145;147;12196;12422;12210;11809;11043;9973;9922;12097;12318;12071;11705;10883;9762;9707;675791;648950;719316;716894;740912;720698;771655;12,7;10,9;11,1;10,1;9,9;10,4;9,7
"Minas Gerais";"E Água, esgoto, atividades de gestão de resíduos e descontaminação";625;657;715;780;889;961;1001;28881;30135;30844;32701;35171;33953;33782;28054;29238;29931;31685;34029;32716;32439;482935;531118;626270;688957;783225;843657;943066;3,9;3,8;3,9;3,7;3,6;3,6;3,5
"Minas Gerais";"F Construção";10886;11372;12560;14549;17190;19750;22230;222870;246446;292304;316226;355251;379946;418322;205112;227446;272308;293483;329015;349357;383882;2120682;2668980;3750273;4416123;5567440;6510460;8862639;2,3;2,5;2,7;2,8;2,6;2,7;2,8
"Minas Gerais";"G Comércio, reparação de veículos automotores e motocicletas";228918;228465;231866;242608;250900;245882;240123;919617;987525;1036512;1088729;1144812;1195644;1218287;618293;665149;711785;748950;798755;844954;874118;4476089;5267251;6145028;7185274;8465116;10129208;11625854;1,7;1,7;1,7;1,7;1,7;1,7;1,7
"Minas Gerais";"H Transporte, armazenagem e correio";18968;19754;20765;22393;24344;25272;26726;188698;196986;205209;221417;244770;261004;266843;161291;167354;174373;188025;209640;223711;227254;1851480;2013434;2299489;2556169;3023808;3801820;4164272;2,6;2,5;2,5;2,4;2,3;2,6;2,3
"Minas Gerais";"I Alojamento e alimentação";30053;30152;31093;33734;35802;36345;34835;141829;151649;163068;173980;185580;199748;207983;104488;111443;121912;129361;138743;150918;160295;601602;721851;853128;997148;1247268;1420751;1704033;1,3;1,4;1,4;1,3;1,4;1,4;1,3
"Espírito Santo";"A Agricultura, pecuária, produção florestal, pesca e aquicultura";365;375;466;447;485;483;520;8305;9235;10130;7809;9145;10486;9976;7793;8566;9388;7030;8293;9535;9082;72165;80468;96521;77067;100435;124066;105647;1,9;1,9;1,8;1,6;1,8;1,8;1,4
"Espírito Santo";"B Indústrias extrativas";839;873;836;794;763;751;750;9753;10053;8609;7669;7937;8603;8752;8456;8452;7129;6171;6566;7123;7436;103019;116023;107822;110753;115598;137015;172262;2,8;2,8;2,7;3,0;2,7;2,8;2,8
"Espírito Santo";"C Indústrias de transformação";7937;8184;8224;8538;8835;8993;8929;114111;122936;119397;124206;134453;135368;133010;102847;110772;107329;111686;121674;121661;119162;1498569;1840589;1824092;1725802;1984302;2204452;2398041;3,3;3,5;3,2;2,7;2,6;2,6;2,4
"Espírito Santo";"D Eletricidade e gás";7;6;10;16;13;15;11;1416;1329;1379;1504;1540;1639;1409;1406;1320;1362;1474;1522;1609;1401;58490;65070;56920;55088;61635;68197;66433;9,0;9,7;8,1;6,7;6,2;6,0;6,1
"Espírito Santo";"E Água, esgoto, atividades de gestão de resíduos e descontaminação";141;150;174;182;186;208;217;5985;6341;7356;8326;8923;8706;6557;5809;6159;7153;8097;8697;8410;6234;92437;107817;128782;146837;165364;184891;156352;3,6;3,6;3,5;3,2;3,0;3,1;3,3
"Espírito Santo";"F Construção";2457;2620;3049;3410;3900;4231;4623;42269;47196;51747;51699;56983;62955;65755;38553;43281;47265;46783;51511;56608;58946;325162;395998;480145;528125;639368;749640;935662;1,9;1,9;2,0;2,0;1,9;2,0;1,9
"Espírito Santo";"G Comércio, reparação de veículos automotores e motocicletas";38468;39199;40826;41594;42883;43265;42734;192842;208842;215494;222940;232597;248985;256938;144409;154560;159665;166045;174184;186269;194501;1247965;1395367;1644905;1879863;2211118;2596691;2999788;2,0;1,9;2,0;2,0;2,0;2,1;2,0
"Espírito Santo";"H Transporte, armazenagem e correio";2815;2975;3179;3195;3466;3723;3874;42734;53524;57136;58545;61202;64159;67025;38724;49000;52529;53782;56070;58323;60970;477312;610194;732815;813279;894267;1090515;1165725;2,8;2,6;2,6;2,6;2,5;2,7;2,4
"Espírito Santo";"I Alojamento e alimentação";4892;5064;5422;5793;6234;6609;6381;25997;28531;30506;32823;34991;37723;38440;20316;22070;23563;25353;27063;28872;29876;117082;138825;163696;196656;231285;276242;328316;1,3;1,3;1,4;1,3;1,3;1,4;1,4
"Rio de Janeiro";"A Agricultura, pecuária, produção florestal, pesca e aquicultura";774;752;847;817;901;838;800;7904;6083;5937;5960;6429;6845;6484;6622;4673;4437;4457;4797;5187;5018;59727;47462;60013;55412;68382;79368;90749;1,7;1,8;2,2;1,7;1,7;1,8;1,8
"Rio de Janeiro";"B Indústrias extrativas";804;796;862;835;902;866;890;48116;55443;64672;67298;73617;86691;100053;46821;54169;63271;65953;72248;85295;98624;1747656;2000485;2646091;3438338;4846027;6071037;7559621;8,5;7,6;7,9;9,1;10,2;10,3;9,6
"Rio de Janeiro";"C Indústrias de transformação";19996;20157;20586;21148;23396;22830;22534;418491;444129;464719;477519;510044;527610;520758;385825;410164;430336;442367;472899;489695;482839;11286790;13177389;15358036;16801523;19325277;21975375;23366804;6,7;6,7;6,8;6,5;6,3;6,5;6,0
"Rio de Janeiro";"D Eletricidade e gás";101;127;170;171;230;218;234;13859;14151;14479;14804;15159;18167;17081;13763;14011;14192;14566;14840;17890;16683;833915;885427;972009;1230995;1469633;1696848;1627837;13,5;12,9;13,0;14,3;15,1;15,2;11,3
"Rio de Janeiro";"E Água, esgoto, atividades de gestão de resíduos e descontaminação";491;505;518;561;657;703;737;42298;51430;54534;58041;63094;71791;66672;41569;50669;53768;57176;62100;70662;65492;713663;834407;933420;1034208;1191365;1488554;1529028;4,0;3,4;3,2;3,1;3,0;3,1;2,8
"Rio de Janeiro";"F Construção";9456;10077;10913;11700;13503;14909;15905;176620;207555;247637;275942;305571;359839;381728;160892;190582;229673;256461;284073;334808;354856;2596767;2735402;3687227;5400632;6320814;7423599;9298981;3,7;3,0;3,1;4,3;4,0;3,9;3,7
"Rio de Janeiro";"G Comércio, reparação de veículos automotores e motocicletas";122150;122925;125744;127575;136512;135328;132518;789479;846816;879507;905313;958875;1004185;997150;600139;647683;678343;699036;745621;783237;779177;6142010;6915302;8039123;9023530;10349336;11706937;12792885;2,4;2,3;2,3;2,3;2,2;2,2;2,0
"Rio de Janeiro";"H Transporte, armazenagem e correio";6752;7029;7472;7969;9208;9638;10070;211034;222099;241327;249134;272856;292473;301606;199641;209898;228400;235361;257547;275636;283937;3267763;3774403;4565445;5728102;6655094;8005481;9305021;3,8;3,8;3,8;4,2;4,1;4,3;4,1
"Rio de Janeiro";"I Alojamento e alimentação";21079;21186;21910;22937;24912;25249;24939;182870;195802;207709;214949;230509;246260;254266;149187;160922;172148;177608;191302;204202;212643;1027905;1166296;1352938;1558360;1852678;2185262;2561506;1,6;1,5;1,5;1,5;1,5;1,6;1,5
"São Paulo";"A Agricultura, pecuária, produção florestal, pesca e aquicultura";9582;14388;25989;59207;69635;72970;72590;125652;142375;176083;198714;200473;203181;213001;112600;122041;144030;133268;126677;123609;134977;1424113;1768607;2237490;2180272;2402057;2482239;2943425;2,2;2,3;2,5;2,4;2,4;2,4;2,3
"São Paulo";"B Indústrias extrativas";1348;1297;1285;1289;1245;1211;1222;16155;16720;17370;18257;19978;20623;21438;14010;14300;15011;15840;17716;18338;19267;217482;243375;284642;321222;401200;476457;618640;3,5;3,6;3,6;3,6;3,7;3,8;4,0
"São Paulo";"C Indústrias de transformação";113392;113739;116486;117989;121497;121612;120543;2776212;3082150;3141571;3038662;3229305;3297464;3363722;2601199;2900312;2957950;2855052;3044431;3108359;3176465;54868831;63809207;73002240;74778177;86358718;95312901;106919415;4,8;4,6;4,6;4,4;4,3;4,3;4,1
"São Paulo";"D Eletricidade e gás";189;226;294;330;334;413;457;22128;20906;21484;22381;24590;25352;21130;21896;20542;20984;21795;24148;24539;19655;1142153;1106398;1149737;1223227;1354170;1455069;1432031;11,5;10,9;10,3;9,6;8,8;8,4;8,9
"São Paulo";"E Água, esgoto, atividades de gestão de resíduos e descontaminação";1797;1876;2100;2290;2450;2622;2736;87035;97346;106512;105130;108093;114631;121773;84499;94607;103532;101896;104720;110921;117761;1646176;1784908;2144832;2316107;2495008;2699522;3148722;4,5;4,0;3,9;3,8;3,7;3,6;3,6
"São Paulo";"F Construção";33359;35822;41799;46788;54964;62044;67492;474759;570900;690956;755587;838307;906288;938966;420268;511904;625707;684234;757927;813817;838412;6244441;7774283;11117342;13083933;16225535;19423766;22559413;3,4;3,3;3,4;3,6;3,5;3,6;3,4
"São Paulo";"G Comércio, reparação de veículos automotores e motocicletas";598717;601841;618662;631263;645811;637100;622794;2737403;2976462;3111664;3246693;3435016;3580763;3663765;1959541;2148034;2270943;2393328;2571709;2706194;2802525;23712136;26738488;30909550;34615245;41391629;47855316;56973417;2,8;2,6;2,6;2,5;2,5;2,6;2,5
"São Paulo";"H Transporte, armazenagem e correio";52855;55746;59815;63608;68457;72135;73536;612858;672797;712873;753251;824442;886105;919412;538660;590673;626789;662297;728537;783244;814891;9413823;10940020;12548149;13551424;15732063;18923595;21164332;3,9;3,8;3,8;3,6;3,4;3,5;3,2
"São Paulo";"I Alojamento e alimentação";96597;98386;103511;109843;113092;112294;110825;521471;582588;631535;664803;699912;739856;763762;400558;452206;495710;521088;554533;590965;615539;3410442;4083583;4654048;5426333;6072415;7263378;8465049;1,9;1,9;1,8;1,8;1,7;1,8;1,7
"Paraná";"A Agricultura, pecuária, produção florestal, pesca e aquicultura";2791;2837;3007;3186;3452;3432;3604;33414;37063;41636;40307;40642;40633;40188;28899;32061;36249;34489;34641;34361;33912;278834;339133;418450;449878;488087;528474;606273;2,0;2,1;2,2;2,1;2,1;2,1;2,1
"Paraná";"B Indústrias extrativas";540;537;546;519;557;525;547;4698;5060;5204;5294;5650;6013;6391;3805;4039;4185;4283;4645;5059;5403;39639;45512;54634;60465;72017;86637;102739;2,3;2,3;2,5;2,4;2,4;2,5;2,4
"Paraná";"C Indústrias de transformação";34149;35054;36534;38457;40884;40536;41308;521993;581167;608254;638459;663391;695866;702919;469560;525138;550353;577580;599845;632324;638466;5752415;6805764;8025844;8675799;10357262;12741374;14102048;2,8;2,7;2,8;2,6;2,7;2,9;2,7
"Paraná";"D Eletricidade e gás";63;65;79;106;147;169;152;8509;8871;9191;9537;9786;10395;10485;8360;8747;8972;9270;9482;10014;10080;394647;401190;435547;483137;509406;602048;726756;10,8;8,7;9,4;8,9;8,0;8,7;8,9
"Paraná";"E Água, esgoto, atividades de gestão de resíduos e descontaminação";711;750;794;867;1004;988;1035;12681;13073;13368;14143;15689;17561;17016;11625;11957;12193;12937;14270;16199;15491;203029;233208;259859;284294;327256;382707;453957;4,2;4,1;4,1;3,8;3,5;3,4;3,4
"Paraná";"F Construção";8585;8830;9937;11867;14869;16764;18846;85575;96062;112967;133332;156063;177729;181701;71579;81834;97230;114766;133373;151882;152852;759291;923576;1189541;1704214;2105164;2737801;3193200;2,4;2,4;2,4;2,7;2,5;2,6;2,5
"Paraná";"G Comércio, reparação de veículos automotores e motocicletas";158170;160490;164358;172974;181853;177447;179998;663478;689737;734099;776202;830774;847991;878919;446202;454961;494040;523492;567909;587227;615049;4608290;4237446;5082888;5949771;7116699;8362987;9690706;2,4;2,0;2,0;2,0;1,9;2,1;2,0
"Paraná";"H Transporte, armazenagem e correio";14631;15167;16356;17701;20060;21093;23585;131508;135436;144891;150333;160738;177256;187644;108865;111232;119150;122593;129919;144945;152065;1411146;1481533;1749194;1912049;2138651;2737601;3251570;2,9;2,8;2,8;2,6;2,5;2,7;2,6
"Paraná";"I Alojamento e alimentação";20571;20873;21164;23187;24625;23747;23883;89403;97425;102033;109630;116931;124269;128517;63470;69477;73496;78459;84008;91861;96079;429698;507524;586700;686584;824770;1012493;1186606;1,5;1,5;1,5;1,5;1,5;1,6;1,5
"Santa Catarina";"A Agricultura, pecuária, produção florestal, pesca e aquicultura";1690;1720;1785;1748;1757;1739;1719;21787;21445;19225;18665;17722;17344;17006;19721;19026;16709;16121;15270;14840;14453;188444;193052;182372;192288;200857;202293;221047;1,9;1,9;2,0;1,9;1,7;1,8;1,7
"Santa Catarina";"B Indústrias extrativas";440;423;424;432;423;422;458;6557;7958;8814;8223;8675;8561;9058;6021;7345;8196;7591;8035;7863;8350;88984;124337;150405;160118;155134;184385;228662;3,4;3,6;3,5;3,5;3,2;3,4;3,6
"Santa Catarina";"C Indústrias de transformação";33896;34958;36063;36846;38783;38239;39040;633352;641840;681119;730832;779810;798191;780195;589518;592974;630519;678972;725787;744408;724331;7147852;7626645;9007110;10344419;12027170;13940427;15071607;2,8;2,7;2,7;2,6;2,5;2,7;2,6
"Santa Catarina";"D Eletricidade e gás";109;131;179;232;236;283;302;8499;9166;9023;9172;9178;9217;8725;8370;8989;8816;8852;8809;8808;8121;278492;481796;535032;556516;610100;658778;701099;7,7;11,2;11,4;10,7;10,5;10,5;10,3
"Santa Catarina";"E Água, esgoto, atividades de gestão de resíduos e descontaminação";530;539;576;612;654;675;732;11570;15650;12687;14144;14377;15421;16167;10954;14998;11952;13397;13568;14517;15138;179174;196173;214279;238604;272086;324840;384204;3,7;2,7;3,4;3,1;3,0;3,3;3,2
"Santa Catarina";"F Construção";5714;6216;7270;8417;10350;11662;13049;54713;63509;77139;82036;99325;110140;119147;47011;54725;66898;70214;84846;93715;100366;440440;535889;691018;857595;1082991;1379244;1679479;2,1;2,1;2,1;2,1;2,1;2,1;2,0
"Santa Catarina";"G Comércio, reparação de veículos automotores e motocicletas";95408;97122;100342;101367;104527;101829;103339;392054;429333;474440;476367;509167;526629;552632;280501;302031;342925;342117;371445;390502;412838;2493909;2885274;3455085;3936991;4743264;5578170;6616914;2,0;2,0;1,9;2,0;2,0;2,1;2,0
"Santa Catarina";"H Transporte, armazenagem e correio";11741;11901;12370;13090;14104;14512;15721;80396;84756;93255;98991;109005;117907;124240;65761;68947;76710;81284;90140;98269;102887;822099;918447;1019631;1190687;1428110;1723129;2016815;2,8;2,7;2,5;2,6;2,5;2,6;2,4
"Santa Catarina";"I Alojamento e alimentação";16305;16781;17389;17856;18718;17807;17863;66880;74397;77920;81107;86540;90719;94470;49597;53958;56515;58937;63423;68147;71739;323036;389741;447903;524377;630275;742040;916257;1,5;1,6;1,6;1,6;1,6;1,6;1,6
"Rio Grande do Sul";"A Agricultura, pecuária, produção florestal, pesca e aquicultura";2316;2254;2322;2310;2395;2326;2448;18920;20234;21501;20932;22323;22498;21904;15151;16252;17527;16932;18240;18316;17425;165944;174023;214763;225727;258084;279414;314743;2,3;2,2;2,2;2,2;2,0;2,1;2,0
"Rio Grande do Sul";"B Indústrias extrativas";1187;1121;1082;1064;1076;1011;1044;6652;6833;8372;7251;7802;7810;7398;5158;5209;6825;5767;6272;6337;5903;66626;73153;101632;96401;110758;128169;138963;2,9;2,9;2,8;2,8;2,7;3,0;2,9
"Rio Grande do Sul";"C Indústrias de transformação";49042;49447;49763;50062;51855;49882;50518;656326;690894;695405;697297;750458;765259;766181;587430;616928;621164;622488;673824;689666;689184;8000868;9033892;10024244;10469432;12455770;14596158;15858939;3,1;3,0;3,0;2,8;2,8;2,9;2,8
"Rio Grande do Sul";"D Eletricidade e gás";99;114;110;137;150;141;161;9881;10450;9518;9833;11073;11411;11621;9733;10272;9303;9634;10841;11159;11279;319350;344977;369680;430412;519762;629325;694697;7,5;7,0;7,6;7,6;7,4;8,0;7,6
"Rio Grande do Sul";"E Água, esgoto, atividades de gestão de resíduos e descontaminação";574;612;683;721;791;818;866;17016;17309;17792;18081;21067;21646;22646;16264;16494;16827;17144;20035;20555;21349;326571;364423;400769;437640;513642;588623;671236;4,6;4,6;4,5;4,3;4,0;4,1;3,9
"Rio Grande do Sul";"F Construção";10916;11489;12502;13778;16462;17622;19222;78656;90117;105185;115526;140110;150465;161981;62357;72652;86402;95068;115924;124232;132371;649496;747681;990273;1207547;1621681;1918994;2296497;2,3;2,2;2,3;2,3;2,2;2,2;2,1
"Rio Grande do Sul";"G Comércio, reparação de veículos automotores e motocicletas";191126;192213;192640;192817;197259;183066;183770;665365;717867;752508;776328;825280;850930;862102;429481;457371;492627;515571;560412;598041;606175;3965679;4453271;5220534;5768280;6915651;8025230;9263894;2,1;2,1;2,0;2,0;2,0;2,0;1,9
"Rio Grande do Sul";"H Transporte, armazenagem e correio";19671;20259;21010;22277;23530;23354;25291;132463;137676;146638;152362;164659;169285;178527;105095;107942;115903;120209;130902;135107;141254;1787276;1516210;1693091;1853032;2176382;2405449;2769327;3,9;2,9;2,8;2,6;2,6;2,5;2,4
"Rio Grande do Sul";"I Alojamento e alimentação";23866;24496;24920;25337;26206;24624;24354;98516;95803;100795;106849;114538;119640;125926;71131;64777;69322;74711;81394;87632;93860;495895;535338;555289;664516;774667;939645;1146494;1,6;1,7;1,6;1,5;1,5;1,6;1,5
"Mato Grosso do Sul";"A Agricultura, pecuária, produção florestal, pesca e aquicultura";870;919;1010;1017;1118;1154;1271;11272;10550;11450;8728;13672;16466;13379;9998;8949;9836;7035;11967;14343;11225;117718;106100;124982;114267;207517;234916;249461;2,0;2,2;2,2;2,3;2,1;2,4;2,7
"Mato Grosso do Sul";"B Indústrias extrativas";111;122;120;116;113;113;112;1605;2052;1925;1913;1854;2209;2468;1465;1865;1763;1757;1706;2039;2298;33958;41137;47382;53251;38679;48074;66986;5,3;4,6;5,1;4,8;3,4;3,8;3,8
"Mato Grosso do Sul";"C Indústrias de transformação";3182;3214;3306;3452;3729;3810;3881;32376;37851;40537;50077;53606;55818;60587;28278;33495;36089;45602;48969;50740;55256;247093;297340;424245;596146;729762;864051;1009776;2,0;1,9;2,2;2,4;2,3;2,4;2,2
"Mato Grosso do Sul";"D Eletricidade e gás";15;15;14;16;14;16;17;1041;1103;1082;1155;1308;1288;1357;1027;1071;1063;1117;1276;1243;1321;44712;51620;47197;49730;55736;61222;71791;9,6;10,5;8,4;7,7;6,9;7,1;6,6
"Mato Grosso do Sul";"E Água, esgoto, atividades de gestão de resíduos e descontaminação";104;108;118;141;149;166;169;1975;1990;2212;2118;2226;2769;3509;1859;1875;2068;1964;2060;2583;3311;36037;37535;46480;49090;57099;64327;75227;4,6;4,2;4,2;4,3;4,0;3,7;3,2
"Mato Grosso do Sul";"F Construção";1253;1301;1475;1582;1853;2053;2303;16824;21220;23717;23174;27199;29015;33468;15107;19380;21706;21041;24827;26218;30285;126033;145639;224024;240804;309331;366230;489229;1,9;1,6;2,0;2,1;2,0;2,1;2,1
"Mato Grosso do Sul";"G Comércio, reparação de veículos automotores e motocicletas";25204;25018;26029;26446;28194;27774;28222;99526;105945;113476;119260;127309;133982;138212;70389;74154;80578;86274;92613;97540;100564;552272;610924;746205;862282;1035996;1234181;1430297;1,8;1,7;1,8;1,7;1,8;1,8;1,8
"Mato Grosso do Sul";"H Transporte, armazenagem e correio";2214;2479;2720;2822;3120;3263;3591;14313;15444;16414;17332;19709;21695;22255;11703;12386;13057;13866;15952;17428;17532;115679;134055;154416;175842;216489;269340;305275;2,3;2,2;2,2;2,1;2,0;2,1;2,1
"Mato Grosso do Sul";"I Alojamento e alimentação";2408;2515;2751;2944;3297;3388;3523;12022;13438;14799;15985;17736;19181;20734;9330;10309;11447;12388;13804;14881;16205;55202;66947;78765;98119;120257;145043;173208;1,3;1,4;1,3;1,4;1,3;1,4;1,3
"Mato Grosso";"A Agricultura, pecuária, produção florestal, pesca e aquicultura";1112;1263;1403;1535;1631;1559;1711;12476;19019;18748;17762;21885;23305;24924;10745;16833;16270;15185;19341;20431;21940;135401;242326;286000;274194;382744;464053;572046;2,6;2,6;2,8;2,9;2,8;2,9;2,9
"Mato Grosso";"B Indústrias extrativas";235;281;267;271;305;275;281;1907;2527;2147;2219;2886;3386;3973;1559;2105;1707;1791;2478;2984;3513;20655;31719;31640;27853;44202;65340;94543;3,0;3,1;3,3;2,6;2,9;3,2;3,3
"Mato Grosso";"C Indústrias de transformação";6116;6183;6356;6657;6979;6732;7031;63781;66544;71406;76822;77806;76786;81342;55880;58025;62638;67702;68371;67069;71127;524723;604660;735373;823502;943063;1030195;1203378;2,1;2,2;2,2;2,1;2,1;2,1;2,0
"Mato Grosso";"D Eletricidade e gás";53;65;84;76;86;83;85;911;2372;2746;2416;2582;2681;2752;833;2253;2584;2262;2441;2490;2592;21153;77294;87522;85472;81810;91619;103946;5,3;7,3;6,7;5,7;5,3;5,3;4,9
"Mato Grosso";"E Água, esgoto, atividades de gestão de resíduos e descontaminação";157;172;190;199;232;227;228;1178;1246;1342;1613;2519;2708;2730;1001;1028;1119;1381;2258;2407;2390;13191;14041;17318;20830;30276;41754;50795;3,0;2,8;2,8;2,6;2,3;2,5;2,5
"Mato Grosso";"F Construção";1537;1716;2050;2383;2880;3153;3647;15949;22609;27922;28196;36084;37439;44531;13869;20181;25095;24862;32189;32829;39217;144304;182946;278886;321209;410394;488566;695239;2,2;1,9;2,2;2,2;2,1;2,1;2,2
"Mato Grosso";"G Comércio, reparação de veículos automotores e motocicletas";32390;33468;35481;37017;38843;36995;38493;135366;150990;169168;175530;188530;200953;210478;97729;107813;123066;127336;138711;150885;158033;824894;954021;1216273;1441410;1705743;2054750;2448181;1,9;1,9;1,9;1,9;1,9;2,0;1,9
"Mato Grosso";"H Transporte, armazenagem e correio";2558;2780;3194;3496;4045;4110;4801;19707;19386;22324;23558;28094;29204;34065;16429;15577;17841;18807;22607;23342;27092;185015;165676;225611;252508;293651;377262;480961;2,6;2,2;2,4;2,2;2,0;2,3;2,2
"Mato Grosso";"I Alojamento e alimentação";3369;3602;3843;4139;4579;4526;4648;14518;17335;18810;20715;22978;24560;25564;10875;12943;14169;15660;17453;18825;19670;72102;86804;108221;132765;162306;196677;233607;1,5;1,4;1,5;1,4;1,4;1,5;1,4
"Goiás";"A Agricultura, pecuária, produção florestal, pesca e aquicultura";1183;1180;1343;1484;1705;1752;1836;9282;10630;10635;12010;13377;20553;22588;7418;8513;8390;9516;10901;17864;19885;74329;98953;124589;141759;171131;376695;467044;1,9;2,2;2,2;2,2;2,1;2,6;2,6
"Goiás";"B Indústrias extrativas";416;403;426;450;476;485;513;3760;4262;4517;4529;4863;5568;6217;3168;3651;3873;3852;4205;4826;5473;47181;64032;89158;97907;117824;130210;187050;3,5;3,6;4,4;4,1;4,2;3,8;4,1
"Goiás";"C Indústrias de transformação";12296;12999;13737;14327;15520;15677;15827;143031;163283;173247;180964;190558;207699;212138;125990;143814;152905;159393;169479;185931;189937;1245603;1487304;1838982;2164934;2475041;3225307;3471548;2,2;2,2;2,2;2,2;2,1;2,4;2,2
"Goiás";"D Eletricidade e gás";33;31;34;36;38;48;55;2895;2941;3189;2822;2515;2520;2613;2838;2866;3119;2736;2438;2412;2518;159680;171934;186833;190634;175264;186322;214934;11,3;11,0;11,2;10,6;10,4;10,8;10,3
"Goiás";"E Água, esgoto, atividades de gestão de resíduos e descontaminação";216;239;280;291;342;380;404;11648;12118;12613;12909;13454;14760;17873;11362;11789;12214;12496;13052;14321;17316;186673;206394;249031;223122;317702;359532;432665;3,8;3,6;3,9;2,9;3,5;3,5;3,5
"Goiás";"F Construção";2573;2992;3349;3987;4979;6077;7029;38190;50051;58050;63335;83349;98888;104604;34147;45326;52757;57053;76150;89916;94271;387034;463004;604906;698112;1048326;1435613;1635230;2,5;2,2;2,3;2,1;2,2;2,3;2,2
"Goiás";"G Comércio, reparação de veículos automotores e motocicletas";64359;68400;71910;75701;78779;77860;77566;250573;275403;293355;311012;322490;339724;363323;169147;183135;196585;208646;226500;241518;263624;1340959;1571251;1874395;2172545;2618195;3094381;3906556;1,8;1,8;1,8;1,8;1,8;1,8;1,8
"Goiás";"H Transporte, armazenagem e correio";3895;4516;4985;5459;5987;6319;6690;38298;39578;42927;45785;49861;53888;56078;32571;32932;35650;38018;42258;45653;47060;327142;357527;415649;438983;582985;664211;806758;2,3;2,2;2,2;2,0;2,2;2,1;2,1
"Goiás";"I Alojamento e alimentação";5459;5726;6198;7182;7944;8145;8193;31611;35961;38821;43003;46593;50567;54578;24865;28433;30753;33608;37049;40575;44328;151147;198840;238550;287497;344811;423506;510983;1,4;1,5;1,5;1,5;1,4;1,5;1,4
"Distrito Federal";"A Agricultura, pecuária, produção florestal, pesca e aquicultura";168;158;185;169;184;180;199;3653;1803;1892;1867;1817;1794;1726;3426;1565;1633;1585;1536;1484;1427;60040;41218;46382;48598;58629;61676;63751;3,7;5,6;5,4;4,9;5,4;5,9;5,2
"Distrito Federal";"B Indústrias extrativas";46;43;45;50;59;55;51;449;453;358;334;473;439;363;398;384;296;266;393;366;297;8294;4441;7680;5358;6344;6652;6628;5,0;2,6;4,3;3,4;2,8;2,8;2,6
"Distrito Federal";"C Indústrias de transformação";2768;2918;3141;3363;3592;3453;3489;26357;28463;30957;33295;34423;35617;35813;22701;24445;26716;28731;29691;30868;31030;272636;304458;364370;415434;515180;613893;711701;2,7;2,6;2,6;2,6;2,6;2,9;2,8
"Distrito Federal";"D Eletricidade e gás";22;16;23;23;28;28;28;5220;6036;6141;6092;7296;7567;7624;5187;6004;6107;6060;7262;7514;7578;450540;534021;643460;683045;912243;1031134;1141074;19,5;19,0;20,2;18,7;19,3;19,5;18,7
"Distrito Federal";"E Água, esgoto, atividades de gestão de resíduos e descontaminação";63;59;81;94;129;116;118;5559;6471;6863;7052;7757;4634;5717;5464;6403;6763;6951;7601;4478;5566;240629;261095;274214;291460;342800;272016;328457;10,0;8,5;8,1;7,2;7,2;8,2;7,9
"Distrito Federal";"F Construção";1691;1929;2333;2900;3769;4433;5037;42857;47311;53601;65638;72798;78589;82811;40400;44499;50339;61707;67854;72549;75645;565957;627037;606049;761334;1009365;1205231;1449242;3,2;3,0;2,3;2,3;2,4;2,4;2,3
"Distrito Federal";"G Comércio, reparação de veículos automotores e motocicletas";27015;28916;31216;33149;33874;33890;33531;134315;149619;161874;171978;183524;190796;196656;99307;109718;119524;127361;138710;144191;149807;970677;1142421;1342095;1519734;1824180;2197279;2402605;2,2;2,2;2,2;2,1;2,1;2,2;1,9
"Distrito Federal";"H Transporte, armazenagem e correio";1449;1511;1759;1708;1898;1999;2132;141075;143952;150052;150996;152231;161552;164115;139168;141949;147661;148682;149706;158828;161200;3006547;3652247;4373345;4736485;4671745;5344387;5477108;4,9;5,3;5,6;5,3;4,7;4,9;4,2
"Distrito Federal";"I Alojamento e alimentação";4650;5211;5762;6409;6786;6951;6976;36149;39711;44153;46938;50216;54327;56335;30276;32792;36589;38558;41386;44966;46832;213501;246038;300393;350460;441410;505590;569111;1,6;1,6;1,6;1,6;1,6;1,6;1,5
"Nota:

1 - Os dados  com menos de 3 (três) informantes estão desidentificados com o caracter X.

2 - As variáveis que se referem a sexo ou escolaridade só estão disponíveis a partir de 2009."
"Fonte: IBGE - Cadastro Central de Empresas"
